{
    "parent": "item/handheld",
    "textures": {
        "layer0": "item/stick"
    },
    "overrides": [
        {
            "predicate": {
                "custom_model_data": 1001
            },
            "model": "item/christmas_bauble_red"
        },
        {
            "predicate": {
                "custom_model_data": 1002
            },
            "model": "item/christmas_bauble_green"
        },
        {
            "predicate": {
                "custom_model_data": 1003
            },
            "model": "item/christmas_bauble_blue"
        },
        {
            "predicate": {
                "custom_model_data": 1004
            },
            "model": "item/christmas_bauble_yellow"
        },
        {
            "predicate": {
                "custom_model_data": 1005
            },
            "model": "item/christmas_bauble_white"
        },
        {
            "predicate": {
                "custom_model_data": 1006
            },
            "model": "item/christmas_bauble_black"
        },
        {
            "predicate": {
                "custom_model_data": 1007
            },
            "model": "item/christmas_bauble_orange"
        },
        {
            "predicate": {
                "custom_model_data": 1008
            },
            "model": "item/christmas_bauble_pink"
        },
        {
            "predicate": {
                "custom_model_data": 1009
            },
            "model": "item/christmas_bauble_purple"
        },
        {
            "predicate": {
                "custom_model_data": 1010
            },
            "model": "item/christmas_bauble_lime"
        },
        {
            "predicate": {
                "custom_model_data": 1011
            },
            "model": "item/christmas_bauble_cyan"
        },
        {
            "predicate": {
                "custom_model_data": 1012
            },
            "model": "item/christmas_bauble_magenta"
        },
        {
            "predicate": {
                "custom_model_data": 1013
            },
            "model": "item/christmas_bauble_light_blue"
        },
        {
            "predicate": {
                "custom_model_data": 1014
            },
            "model": "item/christmas_bauble_light_gray"
        },
        {
            "predicate": {
                "custom_model_data": 1015
            },
            "model": "item/christmas_bauble_gray"
        },
        {
            "predicate": {
                "custom_model_data": 1016
            },
            "model": "item/christmas_bauble_brown"
        },
        {
            "predicate": {
                "custom_model_data": 2001
            },
            "model": "item/christmas_garland_red"
        },
        {
            "predicate": {
                "custom_model_data": 2002
            },
            "model": "item/christmas_garland_green"
        },
        {
            "predicate": {
                "custom_model_data": 2003
            },
            "model": "item/christmas_garland_blue"
        },
        {
            "predicate": {
                "custom_model_data": 2004
            },
            "model": "item/christmas_garland_yellow"
        },
        {
            "predicate": {
                "custom_model_data": 2005
            },
            "model": "item/christmas_garland_white"
        },
        {
            "predicate": {
                "custom_model_data": 2006
            },
            "model": "item/christmas_garland_black"
        },
        {
            "predicate": {
                "custom_model_data": 2007
            },
            "model": "item/christmas_garland_orange"
        },
        {
            "predicate": {
                "custom_model_data": 2008
            },
            "model": "item/christmas_garland_pink"
        },
        {
            "predicate": {
                "custom_model_data": 2009
            },
            "model": "item/christmas_garland_purple"
        },
        {
            "predicate": {
                "custom_model_data": 2010
            },
            "model": "item/christmas_garland_lime"
        },
        {
            "predicate": {
                "custom_model_data": 2011
            },
            "model": "item/christmas_garland_cyan"
        },
        {
            "predicate": {
                "custom_model_data": 2012
            },
            "model": "item/christmas_garland_magenta"
        },
        {
            "predicate": {
                "custom_model_data": 2013
            },
            "model": "item/christmas_garland_light_blue"
        },
        {
            "predicate": {
                "custom_model_data": 2014
            },
            "model": "item/christmas_garland_light_gray"
        },
        {
            "predicate": {
                "custom_model_data": 2015
            },
            "model": "item/christmas_garland_gray"
        },
        {
            "predicate": {
                "custom_model_data": 2016
            },
            "model": "item/christmas_garland_brown"
        },
        {
            "predicate": {
                "custom_model_data": 3001
            },
            "model": "item/christmas_gift_red"
        },
        {
            "predicate": {
                "custom_model_data": 3002
            },
            "model": "item/christmas_gift_green"
        },
        {
            "predicate": {
                "custom_model_data": 3003
            },
            "model": "item/christmas_gift_blue"
        },
        {
            "predicate": {
                "custom_model_data": 3004
            },
            "model": "item/christmas_gift_yellow"
        },
        {
            "predicate": {
                "custom_model_data": 3005
            },
            "model": "item/christmas_gift_white"
        },
        {
            "predicate": {
                "custom_model_data": 3006
            },
            "model": "item/christmas_gift_black"
        },
        {
            "predicate": {
                "custom_model_data": 3007
            },
            "model": "item/christmas_gift_orange"
        },
        {
            "predicate": {
                "custom_model_data": 3008
            },
            "model": "item/christmas_gift_pink"
        },
        {
            "predicate": {
                "custom_model_data": 3009
            },
            "model": "item/christmas_gift_purple"
        },
        {
            "predicate": {
                "custom_model_data": 3010
            },
            "model": "item/christmas_gift_lime"
        },
        {
            "predicate": {
                "custom_model_data": 3011
            },
            "model": "item/christmas_gift_cyan"
        },
        {
            "predicate": {
                "custom_model_data": 3012
            },
            "model": "item/christmas_gift_magenta"
        },
        {
            "predicate": {
                "custom_model_data": 3013
            },
            "model": "item/christmas_gift_light_blue"
        },
        {
            "predicate": {
                "custom_model_data": 3014
            },
            "model": "item/christmas_gift_light_gray"
        },
        {
            "predicate": {
                "custom_model_data": 3015
            },
            "model": "item/christmas_gift_gray"
        },
        {
            "predicate": {
                "custom_model_data": 3016
            },
            "model": "item/christmas_gift_brown"
        },
        {
            "predicate": {
                "custom_model_data": 4001
            },
            "model": "item/christmas_minitree_red"
        },
        {
            "predicate": {
                "custom_model_data": 4002
            },
            "model": "item/christmas_minitree_green"
        },
        {
            "predicate": {
                "custom_model_data": 4003
            },
            "model": "item/christmas_minitree_blue"
        },
        {
            "predicate": {
                "custom_model_data": 4004
            },
            "model": "item/christmas_minitree_yellow"
        },
        {
            "predicate": {
                "custom_model_data": 4005
            },
            "model": "item/christmas_minitree_white"
        },
        {
            "predicate": {
                "custom_model_data": 4006
            },
            "model": "item/christmas_minitree_black"
        },
        {
            "predicate": {
                "custom_model_data": 4007
            },
            "model": "item/christmas_minitree_orange"
        },
        {
            "predicate": {
                "custom_model_data": 4008
            },
            "model": "item/christmas_minitree_pink"
        },
        {
            "predicate": {
                "custom_model_data": 4009
            },
            "model": "item/christmas_minitree_purple"
        },
        {
            "predicate": {
                "custom_model_data": 4010
            },
            "model": "item/christmas_minitree_lime"
        },
        {
            "predicate": {
                "custom_model_data": 4011
            },
            "model": "item/christmas_minitree_cyan"
        },
        {
            "predicate": {
                "custom_model_data": 4012
            },
            "model": "item/christmas_minitree_magenta"
        },
        {
            "predicate": {
                "custom_model_data": 4013
            },
            "model": "item/christmas_minitree_light_blue"
        },
        {
            "predicate": {
                "custom_model_data": 4014
            },
            "model": "item/christmas_minitree_light_gray"
        },
        {
            "predicate": {
                "custom_model_data": 4015
            },
            "model": "item/christmas_minitree_gray"
        },
        {
            "predicate": {
                "custom_model_data": 4016
            },
            "model": "item/christmas_minitree_brown"
        }
    ]
}