{
    "parent": "item/handheld",
    "textures": {
        "layer0": "item/stick"
    },
    "overrides": [
        {
            "predicate": {
                "custom_model_data": 1001
            },
            "model": "item/bauble_red"
        },
        {
            "predicate": {
                "custom_model_data": 1002
            },
            "model": "item/bauble_green"
        },
        {
            "predicate": {
                "custom_model_data": 1003
            },
            "model": "item/bauble_blue"
        },
        {
            "predicate": {
                "custom_model_data": 1004
            },
            "model": "item/bauble_white"
        },
        {
            "predicate": {
                "custom_model_data": 2001
            },
            "model": "item/garland_red"
        },
        {
            "predicate": {
                "custom_model_data": 2002
            },
            "model": "item/garland_green"
        },
        {
            "predicate": {
                "custom_model_data": 2003
            },
            "model": "item/garland_blue"
        },
        {
            "predicate": {
                "custom_model_data": 2004
            },
            "model": "item/garland_white"
        },
        {
            "predicate": {
                "custom_model_data": 3001
            },
            "model": "item/minitree_red"
        },
        {
            "predicate": {
                "custom_model_data": 3002
            },
            "model": "item/minitree_green"
        },
        {
            "predicate": {
                "custom_model_data": 3003
            },
            "model": "item/minitree_blue"
        },
        {
            "predicate": {
                "custom_model_data": 3004
            },
            "model": "item/minitree_white"
        },
        {
            "predicate": {
                "custom_model_data": 4001
            },
            "model": "item/snowman_red"
        },
        {
            "predicate": {
                "custom_model_data": 4002
            },
            "model": "item/snowman_green"
        },
        {
            "predicate": {
                "custom_model_data": 4003
            },
            "model": "item/snowman_blue"
        },
        {
            "predicate": {
                "custom_model_data": 4004
            },
            "model": "item/snowman_white"
        }
    ]
}